date,open,high,low,close,volume
2022-01-03,284.0506,286.9250,283.6531,284.2197,3333071
2022-01-04,281.9186,283.1290,280.2833,282.6702,1477719
2022-01-05,284.8058,286.6308,284.4878,284.8135,2507417
2022-01-06,282.7220,285.0346,282.0214,283.4194,4930264
2022-01-07,281.5089,283.7754,280.3659,281.3785,3447424
2022-01-10,279.9150,282.7190,279.5516,281.1280,6843288
2022-01-11,276.7294,276.9355,274.7280,276.7621,4034194
2022-01-12,274.1724,276.1796,273.6527,274.2427,3911484
2022-01-13,275.6891,277.1405,273.6985,274.8274,4481099
2022-01-14,276.7897,277.3977,275.0303,276.4414,1476107
2022-01-17,271.0411,272.1800,270.9741,271.9345,5568456
2022-01-18,272.1297,274.8163,271.2443,271.6185,3146135
2022-01-19,274.3434,276.3669,274.2270,274.7355,1521262
2022-01-20,277.1023,279.6197,276.2309,277.5905,3518434
2022-01-21,273.7617,275.6363,271.5908,274.5664,5047248
2022-01-24,274.3387,276.9542,272.2886,274.0725,6993500
2022-01-25,275.5531,275.8922,275.3944,275.4203,4936227
2022-01-26,283.3093,286.7662,282.7006,284.0170,3483632
2022-01-27,283.6591,285.6345,281.4195,283.0417,5273444
2022-01-28,284.9060,285.1440,284.2039,284.2916,3523866
2022-01-31,282.5605,283.9191,281.7262,283.3387,4475809
2022-02-01,289.4836,292.1890,288.3410,289.5155,7106612
2022-02-02,286.5208,287.9352,285.5834,286.4215,4977337
2022-02-03,276.4355,277.4086,276.0796,276.3821,7060839
2022-02-04,273.1944,274.6362,271.9745,274.0496,2803585
2022-02-07,266.1382,268.3534,262.9429,265.5378,6889720
2022-02-08,263.4036,265.2980,261.2968,263.9108,5292863
2022-02-09,263.5507,265.7526,261.5487,263.7061,5559552
2022-02-10,266.9767,269.8060,266.1732,267.3343,2130432
2022-02-11,271.8473,274.5406,269.9369,271.7689,3894542
2022-02-14,268.4888,269.0737,265.6288,268.2885,2705547
2022-02-15,265.1747,267.0421,264.4549,265.7828,6763227
2022-02-16,263.2309,265.8204,263.0576,263.5329,3728281
2022-02-17,258.2000,260.5085,256.6096,257.9481,7882010
2022-02-18,259.9270,262.5173,259.0946,260.1648,2300966
2022-02-21,264.3110,266.4894,262.5353,263.6208,1253434
2022-02-22,261.3976,262.2223,261.1759,261.8661,4931939
2022-02-23,258.5688,260.9343,258.0003,258.8718,6065171
2022-02-24,258.6108,261.1830,258.2589,258.5696,4615358
2022-02-25,258.2566,260.0347,256.0773,257.5043,6554511
2022-02-28,257.2228,259.8226,256.7970,257.5149,5088998
2022-03-01,258.1007,258.4795,256.4319,258.3310,3577379
2022-03-02,270.7566,272.9277,270.2873,270.3724,3385931
2022-03-03,267.7050,270.4110,266.9719,267.8388,3406913
2022-03-04,271.5064,273.7714,269.0725,271.5533,1298848
2022-03-07,273.3386,274.2217,270.8547,273.1287,4951277
2022-03-08,273.8007,276.4516,273.6405,273.6888,6350847
2022-03-09,273.0198,274.5695,271.7533,273.0967,7459863
2022-03-10,278.9140,281.3086,277.7115,278.7963,2044397
2022-03-11,282.1591,284.9210,281.9069,282.6829,2801742
2022-03-14,282.2213,283.3777,279.6570,282.1060,3677669
2022-03-15,282.4630,283.7959,281.6875,282.3950,6295695
2022-03-16,278.0502,279.6381,277.2296,278.1047,1781167
2022-03-17,286.8614,287.3028,283.8448,286.4754,7809784
2022-03-18,286.8180,288.4628,285.5090,287.8923,1929461
2022-03-21,284.4601,286.6205,281.9844,284.7404,2707212
2022-03-22,282.6172,283.2704,280.4381,282.8165,2750055
2022-03-23,282.3618,284.4829,282.1759,282.8329,5739884
2022-03-24,278.2265,279.3009,276.6133,278.0686,6347332
2022-03-25,273.3785,273.9530,271.5227,273.4762,7954002
2022-03-28,275.4161,275.9042,273.3901,275.1496,2740022
2022-03-29,276.3979,277.3035,275.1335,276.6288,2157895
2022-03-30,281.1543,282.6952,279.7185,280.8259,6361143
2022-03-31,280.1198,282.6387,278.2108,280.8238,4658723
2022-04-01,276.3059,278.1576,275.6440,276.1903,1294920
2022-04-04,279.3205,281.6367,278.0910,279.4497,2301353
2022-04-05,282.8681,286.0530,282.6932,283.2232,6939641
2022-04-06,284.0081,285.6916,281.7527,283.6813,7514805
2022-04-07,279.9929,282.2293,278.1824,279.9605,7083197
2022-04-08,283.9096,286.2474,281.3460,284.4895,1613438
2022-04-11,292.5985,294.5477,289.6946,292.0816,2099722
2022-04-12,290.6180,293.5834,289.3662,290.6800,6720585
2022-04-13,290.3163,290.8976,287.1039,289.0874,2329500
2022-04-14,286.0397,287.2489,283.3760,285.7526,5212526
2022-04-15,300.0867,303.9510,299.9188,301.2263,4420347
2022-04-18,301.1462,302.5963,300.9409,301.9589,6617773
2022-04-19,305.7446,308.8508,305.6721,306.1331,6870928
2022-04-20,307.5440,310.3811,305.1177,308.3501,4794607
2022-04-21,312.2174,314.6042,311.9751,312.0513,3648655
2022-04-22,314.8171,315.1529,313.9566,314.7640,6487782
2022-04-25,323.6229,325.4673,323.0020,323.8654,1649207
2022-04-26,332.0740,334.2087,330.2546,331.0357,7440052
2022-04-27,329.0930,331.5704,326.0562,329.5374,1028775
2022-04-28,332.4781,333.8630,330.3608,332.6468,3265916
2022-04-29,333.3184,334.3429,330.5659,333.5690,3497140
2022-05-02,322.4023,323.2596,319.7361,322.8098,5477628
2022-05-03,326.9101,327.2967,324.4124,326.9683,4691359
2022-05-04,321.0722,321.1696,317.8377,320.4397,4999313
2022-05-05,321.1021,322.0629,319.5950,321.1192,4095776
2022-05-06,324.2140,327.0387,320.7668,323.5469,2674011
2022-05-09,315.0479,317.2026,314.6138,315.1796,6857460
2022-05-10,317.5445,318.9560,316.8209,317.7970,3060491
2022-05-11,322.4490,324.1582,322.3116,323.9420,4623350
2022-05-12,322.1908,323.6141,320.1359,321.6167,6512254
2022-05-13,315.7089,318.2397,314.5373,316.2034,2707782
2022-05-16,323.3563,323.8656,320.3464,323.4441,7359230
2022-05-17,321.8380,325.8245,319.1399,322.9723,3748101
2022-05-18,323.5049,325.8918,322.7427,323.4649,7025787
2022-05-19,324.3970,325.9919,321.7545,325.0071,6533533
2022-05-20,325.7747,328.2975,325.6824,327.5354,7975381
2022-05-23,328.1699,328.7651,325.4597,327.6417,1959449
2022-05-24,330.6557,334.1799,328.3582,331.0721,7295362
2022-05-25,327.2174,329.7676,324.4914,326.7319,1942567
2022-05-26,333.1849,333.5545,332.3806,333.3488,2654859
2022-05-27,326.4781,327.7869,324.8555,326.0035,1690166
2022-05-30,335.7191,337.2480,332.5625,335.4149,5811285
2022-05-31,331.5855,334.0524,329.6775,330.7658,4138404
2022-06-01,331.3424,334.2410,330.0606,331.4090,3293188
2022-06-02,340.9041,342.6482,339.4926,340.4338,5124295
2022-06-03,338.2016,340.6982,335.2797,337.2418,5711330
2022-06-06,338.8626,341.0010,337.5039,339.2657,2609426
2022-06-07,337.0743,339.1403,334.6472,336.0606,5746477
2022-06-08,337.0934,337.4062,335.2079,336.0134,3343959
2022-06-09,333.0294,335.9481,332.9731,333.2117,3561011
2022-06-10,330.5272,330.6719,328.8501,330.5508,7290783
2022-06-13,320.0701,323.1365,319.8889,320.0320,1889233
2022-06-14,316.2694,318.5372,315.9296,317.2258,5466429
2022-06-15,309.2948,309.3773,307.9372,308.7477,1518967
2022-06-16,308.3120,309.8720,307.3531,307.7843,1460865
2022-06-17,310.3763,310.8850,307.0778,309.3790,5358594
2022-06-20,309.6295,312.9915,308.0945,309.9679,5370211
2022-06-21,314.3841,316.3610,313.6831,314.1529,4863195
2022-06-22,311.0634,311.9406,307.7298,310.7557,1651467
2022-06-23,309.9538,310.2485,306.9564,309.9758,2721429
2022-06-24,302.1583,304.0195,300.6009,302.9176,7449264
2022-06-27,308.0667,309.5361,305.7262,309.1255,1625667
2022-06-28,305.2938,307.7349,302.4221,304.5070,7067728
2022-06-29,298.8856,300.1013,296.4057,297.8231,4089932
2022-06-30,294.7147,296.7793,293.1846,293.6295,2113899
2022-07-01,292.2725,295.3256,291.5334,292.6957,5845375
2022-07-04,291.4533,292.9993,289.9830,291.4206,5153035
2022-07-05,293.4082,295.3104,291.7766,293.1671,2268266
2022-07-06,295.2443,297.8503,293.2288,295.5449,5719572
2022-07-07,291.7423,294.3497,289.9173,292.0343,3553169
2022-07-08,292.1705,294.6705,289.9715,291.3695,1679504
2022-07-11,293.3272,295.0737,290.9285,293.9189,4583538
2022-07-12,294.6243,295.5730,293.2965,293.9019,4198317
2022-07-13,300.2918,302.9747,299.1343,299.5648,6270311
2022-07-14,294.7058,297.5074,294.2507,294.7903,5143872
2022-07-15,298.6196,300.1669,297.4294,299.5994,6400255
2022-07-18,298.6790,299.4812,298.4386,299.3706,1223867
2022-07-19,303.0359,305.6651,302.2901,303.2037,7934606
2022-07-20,295.5056,298.1403,292.5845,295.0152,7256868
2022-07-21,294.8240,294.9242,293.1073,293.9561,7084196
2022-07-22,288.5296,291.0586,288.4807,288.9408,3803041
2022-07-25,296.9875,297.8633,295.3469,296.1751,2211582
2022-07-26,294.1935,296.8060,291.4765,294.1799,1058044
2022-07-27,304.1179,305.6993,303.4026,304.2790,3630555
2022-07-28,308.0359,308.5652,306.5973,307.4627,2839231
2022-07-29,302.5115,305.9551,300.6525,303.2634,1513586
2022-08-01,296.2978,298.9310,294.9246,296.9380,4940354
2022-08-02,294.3964,297.2606,293.2728,293.9344,1465912
2022-08-03,291.8187,293.4095,289.0291,291.0479,3775636
2022-08-04,293.2817,295.6249,291.5179,292.9735,5081285
2022-08-05,288.3647,288.5957,286.5175,288.2382,7108656
2022-08-08,282.1271,284.3570,279.8485,282.3590,2105115
2022-08-09,283.7454,284.3132,281.1750,283.9029,4206895
2022-08-10,292.5905,294.2200,289.0819,291.8460,1032072
2022-08-11,285.9969,288.9653,285.7069,286.2882,6414008
2022-08-12,283.9973,285.5856,282.1915,283.2519,6730349
2022-08-15,280.2306,282.5358,277.4968,279.8747,4784185
2022-08-16,278.6144,281.2130,276.5927,277.6977,5568805
2022-08-17,273.8194,275.5116,271.4598,274.2007,3785384
2022-08-18,273.9654,274.6907,271.1536,272.9520,1793752
2022-08-19,273.1791,275.3055,273.1668,273.5032,3742370
2022-08-22,272.5812,273.7782,269.6117,272.3058,4618318
2022-08-23,268.2791,270.7877,267.2189,268.4455,1230660
2022-08-24,276.4813,277.8774,273.6081,275.3964,3633129
2022-08-25,279.9691,281.5608,277.0245,279.4141,5647429
2022-08-26,281.2273,281.8937,278.4702,280.9826,2664066
2022-08-29,287.6721,288.7788,286.0632,288.1663,4841707
2022-08-30,288.7591,290.6317,288.7576,289.3928,4523568
2022-08-31,294.3039,297.3183,293.5192,294.8743,1224782
2022-09-01,294.8269,296.3004,293.3137,295.9785,7899901
2022-09-02,298.9572,300.7003,298.1890,299.9637,5371177
2022-09-05,291.4461,293.0414,290.4776,291.2112,2016041
2022-09-06,295.7958,298.6926,292.8683,296.4848,1764484
2022-09-07,294.9085,296.5711,292.2030,295.4934,5248918
2022-09-08,291.7953,291.8776,291.4441,291.5838,5093446
2022-09-09,295.2021,296.3225,294.1691,296.0172,7000523
2022-09-12,298.8769,299.5677,296.8938,298.2649,7217363
2022-09-13,301.0327,301.8988,299.6075,301.0585,6819106
2022-09-14,304.0371,304.1839,302.0648,304.0516,5561469
2022-09-15,299.1984,300.2615,298.4632,299.4175,3550687
2022-09-16,296.6460,297.1844,296.3586,296.5724,2413923
2022-09-19,291.1422,293.3956,288.1417,290.4890,3536646
2022-09-20,290.1284,293.0819,288.9733,290.4952,1784522
2022-09-21,298.3368,300.2935,297.2723,299.2241,1024038
2022-09-22,299.9904,303.6766,298.6266,300.7166,2054992
2022-09-23,309.9389,313.5125,308.8947,310.4361,3102038
2022-09-26,314.2151,315.9190,313.5455,315.3257,1052675
2022-09-27,328.1356,328.2549,325.9942,327.4984,2865983
2022-09-28,316.6276,317.1817,316.3807,316.8339,2255217
2022-09-29,322.6076,326.7323,321.2018,323.8555,2440494
2022-09-30,320.1886,321.6188,318.3752,319.9814,6933584
2022-10-03,319.8253,321.5633,316.6944,319.5004,6167391
2022-10-04,315.9871,317.4810,314.4336,316.0519,5311432
2022-10-05,315.4899,316.4551,312.6007,315.2097,3234959
2022-10-06,312.5591,312.9945,312.5457,312.9374,4110085
2022-10-07,311.4226,311.9205,311.3149,311.4251,3192935
2022-10-10,312.6290,314.1366,309.3776,311.6274,6409077
2022-10-11,305.5062,306.1159,304.4295,305.5028,7278777
2022-10-12,309.6413,310.7561,306.4955,309.3249,4176827
2022-10-13,303.6176,306.2479,302.6011,303.3497,1797764
2022-10-14,305.0726,306.6671,303.8442,304.0908,5924905
2022-10-17,305.7964,307.0646,304.9292,306.3008,6277199
2022-10-18,303.9348,306.6744,300.5324,302.6982,2776310
2022-10-19,300.4646,301.0563,300.1530,300.3914,1609930
2022-10-20,296.7074,299.4526,295.4253,296.1842,5291263
2022-10-21,302.0668,303.5194,300.8998,302.0725,1911227
2022-10-24,305.0923,306.9323,302.3528,305.4599,2781128
2022-10-25,293.9002,296.5891,292.9446,294.7403,6346375
2022-10-26,297.5750,300.3300,295.6250,296.8195,3700626
2022-10-27,298.3656,299.7653,297.2516,299.1549,6297036
2022-10-28,298.8011,300.9208,298.2422,298.6428,5185455
2022-10-31,295.6104,298.5908,294.7882,295.6345,6161680
2022-11-01,297.2131,298.1576,295.9503,296.9649,2647891
2022-11-02,296.3880,298.1809,294.0762,297.5531,5294205
2022-11-03,298.2327,299.6254,297.0818,298.4655,4304271
2022-11-04,295.0911,296.2614,293.8395,294.2701,6509682
2022-11-07,304.7722,306.3671,301.6079,303.9004,2673955
2022-11-08,299.6102,301.7508,298.8037,299.5604,1074369
2022-11-09,294.1345,296.3192,291.4238,294.2620,3185353
2022-11-10,298.7137,300.2725,298.1931,298.6251,6120172
2022-11-11,299.0483,301.1605,297.2337,298.4394,1450206
2022-11-14,284.5143,286.1190,283.7435,284.3762,3828590
2022-11-15,289.0743,291.3932,286.6068,289.4842,3983588
2022-11-16,286.9568,290.5509,286.2636,287.8951,4438317
2022-11-17,290.2790,292.9486,288.1550,289.9672,7098304
2022-11-18,292.8511,293.2833,291.7500,292.7425,1911453
2022-11-21,300.3028,301.6218,297.5121,300.3583,3788889
2022-11-22,304.6062,306.4881,302.5958,305.3843,4663205
2022-11-23,308.8663,311.5489,308.6460,309.1549,4925920
2022-11-24,314.3868,315.5462,312.2986,313.7515,7714756
2022-11-25,318.0693,319.0798,316.6131,318.2433,6576700
2022-11-28,323.5577,325.8075,322.7006,322.7464,5426041
2022-11-29,316.7802,319.4964,313.4631,315.6845,7747906
2022-11-30,313.6337,313.6699,310.4486,312.9727,7367669
2022-12-01,314.4596,315.1680,312.3546,313.4995,5738707
2022-12-02,316.2639,317.4271,313.4308,315.6363,6895299
2022-12-05,312.9448,314.5993,310.8740,313.4917,5632207
2022-12-06,317.7278,319.6112,316.2717,317.9923,1446875
2022-12-07,321.4037,322.3989,318.4922,321.0955,4582152
2022-12-08,312.7659,313.7848,311.8935,313.1584,4499155
2022-12-09,309.3640,310.2542,305.8743,308.9043,5074375
2022-12-12,319.6927,322.7111,318.3725,320.0690,6874301
2022-12-13,321.2315,324.3517,318.2046,320.9211,5768705
2022-12-14,320.2223,321.1268,319.1872,321.0265,4712783
2022-12-15,330.2829,331.7404,329.2618,329.5438,4950514
2022-12-16,339.6076,340.0974,338.6285,339.0538,5145679
2022-12-19,335.4651,337.5025,333.4218,335.2462,1997956
2022-12-20,333.3761,335.6317,331.5126,333.5433,7974147
2022-12-21,332.5604,335.8102,330.3434,332.6772,2270934
2022-12-22,340.0508,344.7610,339.9082,341.5938,3797450
2022-12-23,337.8064,341.3572,335.7722,338.5621,4778488
2022-12-26,337.8599,339.3024,335.7976,337.4307,4193752
2022-12-27,346.0125,346.9481,343.3024,346.0754,6450198
2022-12-28,338.7937,340.4552,336.3185,340.0970,2845789
2022-12-29,335.3943,338.9247,335.1406,335.6614,5929807
2022-12-30,339.2086,340.6305,336.0544,338.9370,4748180
2023-01-02,334.7033,337.4643,334.2222,334.8930,5070097
2023-01-03,332.6749,333.3273,331.7839,332.9394,7584300
2023-01-04,340.0948,342.0985,339.5206,340.0103,3652239
2023-01-05,337.1316,339.1736,335.2718,336.8162,7580653
2023-01-06,341.6878,343.8116,339.0634,342.4526,6657422
2023-01-09,340.7760,341.7042,340.0166,340.9686,6113827
2023-01-10,333.1959,336.6122,330.0170,334.7489,1695737
2023-01-11,338.5391,340.7266,337.6365,338.4489,2683637
2023-01-12,332.0977,333.9445,331.8934,332.2497,6345265
2023-01-13,333.7005,335.9796,329.4326,332.3121,3919852
2023-01-16,325.3496,325.3544,322.9486,324.8366,2098054
2023-01-17,325.1043,325.1588,323.8780,325.0673,7906914
2023-01-18,325.2368,326.5125,322.0232,325.8958,4507477
2023-01-19,330.4949,332.4230,329.2407,331.0481,2435119
2023-01-20,330.8989,332.9920,330.5668,330.9168,3442408
2023-01-23,334.5314,335.7369,330.8692,333.9980,7409343
2023-01-24,332.2271,334.2734,329.5029,332.5686,2234230
2023-01-25,325.4891,328.4417,324.8930,325.4879,7551786
2023-01-26,325.1006,325.8885,322.2289,324.5155,7136145
2023-01-27,331.5982,334.4970,328.7276,331.6617,7593651
2023-01-30,331.8885,334.2226,329.2642,330.6870,7181353
2023-01-31,327.9636,329.7536,325.1993,328.9802,5111669
2023-02-01,334.7318,337.1066,332.4688,335.5680,7693248
2023-02-02,334.6479,336.4542,332.7873,334.2023,5563336
2023-02-03,339.2767,340.7214,337.6721,338.9633,4843002
2023-02-06,342.1573,343.4942,340.0356,341.8996,2770040
2023-02-07,333.6001,335.3026,331.0242,333.0740,5295766
2023-02-08,325.8646,328.6142,325.5218,326.5241,6335075
2023-02-09,333.8747,336.0018,330.6951,334.3032,3623937
2023-02-10,339.6287,342.1656,336.9269,340.7288,3067079
2023-02-13,342.6993,343.5515,341.8270,342.7735,4524271
2023-02-14,341.7314,343.4046,341.6167,342.5278,4304726
2023-02-15,337.3808,338.7872,335.9399,336.1233,2949158
2023-02-16,344.3950,346.6643,340.8305,343.0915,7247982
2023-02-17,335.4522,337.7554,333.4999,335.7052,4786749
2023-02-20,332.2512,334.6923,331.1370,331.9979,4804597
2023-02-21,326.2805,326.4051,323.0842,325.6176,7704403
2023-02-22,325.7943,328.1226,324.9892,326.0820,2206840
2023-02-23,322.8304,326.5515,322.0210,324.1077,1105591
2023-02-24,316.3949,317.4026,315.1089,315.7620,4240640
2023-02-27,318.3201,320.0768,315.3185,317.4699,4927727
2023-02-28,319.7784,322.4405,318.5631,319.8427,1937581
2023-03-01,316.0640,317.9224,312.9364,315.5644,7363952
2023-03-02,317.2763,319.4567,317.0166,317.9214,7326188
2023-03-03,322.4850,322.6662,320.6408,322.4630,2145242
2023-03-06,322.0821,325.4587,321.4741,322.7168,1514483
2023-03-07,320.4628,322.8527,318.0937,319.8469,5239883
2023-03-08,318.9002,322.6079,318.4052,319.6826,1085138
2023-03-09,321.8348,322.6366,319.7503,322.4062,4159875
2023-03-10,321.2977,322.2139,319.4279,319.9742,3502820
2023-03-13,323.0683,325.8685,322.0718,323.2625,7794260
2023-03-14,320.3305,320.9531,320.0234,320.1902,6082460
2023-03-15,312.3599,314.4193,308.8084,311.2006,6643908
2023-03-16,309.3535,309.8300,306.3638,309.1325,2516550
2023-03-17,314.5555,315.6766,313.2835,314.3752,6197806
2023-03-20,303.7464,304.5407,302.0949,303.8792,3025398
2023-03-21,298.6012,301.4300,297.3809,298.1476,3512455
2023-03-22,293.2218,294.3460,290.3574,293.3648,1136854
2023-03-23,288.4028,288.7854,287.1427,288.3685,2569267
2023-03-24,287.8363,288.3848,285.2836,286.9811,4349160
2023-03-27,288.4039,289.9536,287.0076,289.2496,3852780
2023-03-28,287.2872,290.0274,286.7453,286.9117,5351705
2023-03-29,289.2335,289.5063,287.8669,289.3531,6114638
2023-03-30,294.9763,297.8644,294.9336,295.4252,5004122
2023-03-31,301.2957,304.3008,300.5639,301.9785,2475110
2023-04-03,305.3211,306.0238,304.6963,305.0181,4602943
2023-04-04,308.1752,309.9436,307.3112,308.4145,3571935
2023-04-05,312.9536,313.8335,310.0478,312.5082,7977847
2023-04-06,300.0015,301.0217,299.4115,300.9145,4896980
2023-04-07,289.5477,291.1102,287.3643,289.5726,3627378
2023-04-10,291.4761,292.8329,290.7407,291.5893,2174520
2023-04-11,288.6515,290.3197,286.3963,289.4359,4348966
2023-04-12,296.0975,296.9118,293.6091,296.7562,2371023
2023-04-13,289.6386,290.7450,288.4029,290.2720,4340230
2023-04-14,300.8422,303.1314,297.9394,299.7766,2363780
2023-04-17,295.4588,297.6863,293.2687,295.7949,1260309
2023-04-18,290.5062,292.4234,288.9417,290.7631,3002996
2023-04-19,296.2630,297.1564,293.6703,296.0598,5799128
2023-04-20,299.2378,301.4109,297.5857,299.7035,5330190
2023-04-21,299.1275,300.4055,297.5252,299.0100,6299728
2023-04-24,297.0603,299.9202,294.4892,296.7325,1554208
2023-04-25,289.6815,291.9266,289.5835,290.4347,5011091
2023-04-26,296.1355,299.1368,293.6273,296.5663,6646184
2023-04-27,284.6850,287.1160,284.5423,285.5528,5876884
2023-04-28,282.0928,283.7260,281.4558,282.1592,6502125
2023-05-01,286.0956,287.3350,283.5933,285.3409,3633570
2023-05-02,280.2652,282.6230,278.0848,280.9212,6594770
2023-05-03,283.2018,283.3773,282.6292,283.3748,1147089
2023-05-04,290.5304,293.1459,289.5164,290.0608,2352589
2023-05-05,294.7485,295.4733,292.0620,294.7293,1944336
2023-05-08,291.5289,293.9185,290.6007,290.9896,4194378
2023-05-09,289.1209,290.0790,287.2933,289.1584,4923229
2023-05-10,290.2480,290.4801,287.2044,289.6615,5947835
2023-05-11,287.2790,288.1213,285.7656,286.9086,4390753
2023-05-12,282.1549,283.3052,280.1579,281.3631,2318659
2023-05-15,279.6056,280.4682,277.0509,280.0732,3630178
2023-05-16,280.1075,281.1928,277.4260,280.1687,7120613
2023-05-17,286.8607,287.2387,284.5516,286.3994,1304019
2023-05-18,287.3136,288.3316,286.3570,287.4441,1664162
2023-05-19,290.0594,292.9124,289.1401,289.7509,2320783
2023-05-22,285.8594,286.2358,283.4168,285.6573,2538229
2023-05-23,280.5007,282.5585,278.5617,280.3192,1265374
2023-05-24,279.7396,281.1375,277.6288,280.3193,1477654
2023-05-25,284.5284,286.4847,283.0670,284.9902,6953458
2023-05-26,282.2767,283.6035,280.8281,282.0720,6425195
2023-05-29,273.5395,275.6580,273.2487,274.1093,3516914
2023-05-30,274.5170,274.8354,271.6506,274.3529,6504202
2023-05-31,273.6216,276.9830,271.8895,274.5402,7934944
2023-06-01,269.4873,270.3190,267.1295,269.7615,5929543
2023-06-02,271.6079,274.4079,269.9013,271.7823,1978334
2023-06-05,269.3496,269.4061,267.3902,269.0097,5038376
2023-06-06,263.8994,265.2497,261.5294,264.5902,2454825
2023-06-07,260.1846,262.1579,259.3574,260.2086,7976708
2023-06-08,260.7400,263.3381,257.5873,259.7922,2087709
2023-06-09,254.3288,255.3325,253.9540,254.5297,5194395
2023-06-12,256.2451,258.0803,256.1824,256.3752,5488341
2023-06-13,257.9085,259.3006,255.5311,257.9077,1402842
2023-06-14,255.5659,257.8637,255.3679,256.1411,4812129
2023-06-15,245.9999,246.5973,245.1244,246.5537,1674133
2023-06-16,245.5625,247.4213,245.3025,245.3132,4310692
2023-06-19,247.9764,250.3173,246.0828,247.2859,3918338
2023-06-20,241.7685,243.8672,240.3260,241.8754,7037203
2023-06-21,244.4548,245.3487,242.2209,244.9157,1816280
2023-06-22,246.4981,248.8494,246.2109,246.5392,3703300
2023-06-23,241.7554,243.3084,240.6922,241.9031,7349421
2023-06-26,235.5781,237.7571,234.4905,235.6108,2253860
2023-06-27,235.1013,237.0713,232.8072,234.7503,3400225
2023-06-28,241.9680,243.7021,240.5781,241.7619,6486990
2023-06-29,243.6298,246.0974,242.0062,244.3450,2019449
2023-06-30,240.7147,241.5448,239.4136,240.9570,1611723
2023-07-03,239.6376,239.7387,238.8868,239.4941,2972463
2023-07-04,236.2072,237.1082,235.0071,235.3164,5078105
2023-07-05,234.1954,234.3857,232.4072,233.7684,1301612
2023-07-06,230.8066,232.1241,228.8439,230.6218,6172938
2023-07-07,229.1898,231.3182,228.3242,229.3513,1463653
2023-07-10,234.4014,234.5271,233.2930,234.3258,3902097
2023-07-11,230.5492,232.8408,230.1212,230.5964,6583426
2023-07-12,235.8772,237.5317,235.3718,236.0621,2678730
2023-07-13,238.7087,241.1763,237.6515,238.9164,3301482
2023-07-14,242.4148,244.2731,240.3334,241.8030,1589890
2023-07-17,237.7006,239.2105,235.4232,237.7994,1801996
2023-07-18,233.9719,235.2470,233.7068,233.9708,6413280
2023-07-19,232.1805,233.0567,231.0074,231.5265,1803847
2023-07-20,231.8128,234.0961,231.6103,232.1393,4994475
2023-07-21,232.7203,233.4241,232.1162,232.1623,6070587
2023-07-24,233.5475,234.9065,233.1908,234.3346,5747027
2023-07-25,230.7813,231.3733,228.9127,230.6154,7599842
2023-07-26,226.2739,228.0138,224.2201,226.4191,1993822
2023-07-27,227.8494,228.3012,226.6092,228.2279,1626673
2023-07-28,224.7229,226.8285,222.6268,224.3009,6406766
2023-07-31,226.0965,226.2908,225.1958,226.1948,4287146
2023-08-01,225.8636,227.3920,224.5971,225.8108,1614548
2023-08-02,223.5581,225.4365,222.0149,223.5559,7015982
2023-08-03,220.4138,221.3092,220.2508,220.3075,3354978
2023-08-04,221.3690,223.0080,221.0613,221.3508,5995654
2023-08-07,222.6372,223.4749,221.7485,222.3797,1664477
2023-08-08,219.0224,219.4766,216.8694,219.1563,3492206
2023-08-09,222.0090,222.6588,220.5525,221.9163,3746759
2023-08-10,221.4253,223.5005,219.2982,220.9337,7529776
2023-08-11,218.5121,221.0818,217.1350,219.0416,3213857
2023-08-14,220.6598,222.2994,220.0089,221.3697,1412159
2023-08-15,220.0256,220.5642,217.6228,219.6958,1341293
2023-08-16,221.4889,222.1888,220.0344,221.3457,6025675
2023-08-17,218.2516,219.4389,217.6700,218.1817,5407342
2023-08-18,222.3488,222.5813,220.5298,221.7564,2876935
2023-08-21,222.2275,224.1422,220.9575,222.2421,5717238
2023-08-22,225.5297,226.5148,224.2712,225.6384,6279188
2023-08-23,224.5891,226.6361,224.3435,224.7964,1944860
2023-08-24,223.9890,226.3695,222.9307,224.3604,7451438
2023-08-25,225.6170,227.1372,225.0139,225.8093,6875562
2023-08-28,226.1317,228.0687,225.2239,225.9592,6497540
2023-08-29,226.6736,227.8270,224.6125,227.2299,6342745
2023-08-30,227.6695,228.6219,225.6978,227.8095,6185648
2023-08-31,228.6736,229.6440,226.8063,227.9295,7262003
2023-09-01,236.4001,237.2943,234.4420,236.0167,5180737
2023-09-04,234.0136,234.9996,233.1765,234.3476,5450038
2023-09-05,233.8764,234.5431,231.8262,234.3257,7822617
2023-09-06,236.1648,237.0228,232.6690,234.8689,3955971
2023-09-07,235.1712,237.4047,233.7421,234.9977,6518911
2023-09-08,234.5340,235.9989,232.3718,234.6622,5348499
2023-09-11,239.9386,242.2172,237.9031,239.8833,5813523
2023-09-12,240.9097,241.8087,239.4685,240.7010,4361249
2023-09-13,244.4571,244.6887,241.3592,243.5895,6901105
2023-09-14,241.4050,242.9948,238.9693,241.3651,6438723
2023-09-15,245.4158,246.3880,244.4487,244.8954,7692955
2023-09-18,244.2337,246.4452,243.1873,243.3071,6054096
2023-09-19,245.0134,245.5408,242.3848,244.3696,6334927
2023-09-20,242.3198,243.2314,241.8460,242.2075,3846094
2023-09-21,240.1618,242.2856,238.3593,239.8244,2628814
2023-09-22,238.3130,240.0338,237.4973,237.8908,5202563
2023-09-25,238.0890,239.9879,237.5892,237.7442,6038291
2023-09-26,235.4640,238.3756,233.7793,236.5082,5578056
2023-09-27,234.2442,235.5836,233.3461,233.8087,1270062
2023-09-28,235.0469,235.5728,233.4648,235.2704,5075310
2023-09-29,232.7813,232.9235,232.3880,232.7926,7649585
2023-10-02,230.7906,232.7607,230.2227,230.8733,3905250
2023-10-03,229.9921,232.7987,228.7558,230.9797,3476271
2023-10-04,229.5881,229.8005,228.8859,229.7059,2498064
2023-10-05,229.0749,230.7989,227.7031,229.5480,1195271
2023-10-06,229.7908,230.4175,228.6945,230.3514,2716758
2023-10-09,225.7432,227.3463,223.4516,225.2487,4397552
2023-10-10,221.0609,222.7318,220.0507,221.0399,6696995
2023-10-11,216.9192,219.2996,216.5388,217.4823,3162249
2023-10-12,211.7397,212.2867,210.0200,212.2708,6601264
2023-10-13,211.9547,212.4308,211.2494,212.0251,6342681
2023-10-16,206.8279,208.2705,205.8926,207.1127,4190624
2023-10-17,204.0044,205.3380,203.4143,204.0309,2965954
2023-10-18,203.1596,204.5641,203.0830,203.6068,5594715
2023-10-19,204.9764,206.8482,204.0275,204.6404,4590166
2023-10-20,204.1371,205.8792,203.8164,204.4445,3324986
2023-10-23,200.2301,202.3026,199.4802,200.5517,1898401
2023-10-24,198.7412,200.0637,197.8445,199.0556,5018798
2023-10-25,199.6696,200.8587,198.1861,199.4243,4917947
2023-10-26,200.7201,202.7233,199.8608,200.6611,3231240
2023-10-27,202.9267,204.0903,200.4519,202.3567,3999945
2023-10-30,205.2447,206.3553,205.0130,205.3162,1104148
2023-10-31,206.0232,207.2871,205.0703,205.6187,2359946
2023-11-01,204.6937,204.7988,202.8402,204.5788,2510018
2023-11-02,208.1307,209.3051,206.9216,207.4074,6431621
2023-11-03,207.4815,208.2365,205.7362,207.9103,2119533
2023-11-06,204.5887,205.1650,203.2450,204.9129,2694592
2023-11-07,203.7355,203.8153,201.4652,203.1526,2600583
2023-11-08,205.7458,206.1377,203.2469,205.2078,4555218
2023-11-09,208.7439,210.6489,207.8293,208.3908,1021968
2023-11-10,207.9191,210.2840,206.8724,208.5558,4210867
2023-11-13,205.4284,206.1821,205.1515,205.5305,3245144
2023-11-14,204.0193,205.1108,203.2365,204.1693,1784071
2023-11-15,204.1240,205.9077,203.5993,204.7646,3596807
2023-11-16,207.8393,209.9736,207.2187,208.4256,3995610
2023-11-17,207.3421,209.2933,206.1040,207.5197,2803540
2023-11-20,203.1047,204.9206,202.2290,203.2478,3197795
2023-11-21,202.9469,204.8011,201.1967,203.4499,2107148
2023-11-22,200.0913,202.0403,198.5147,200.7114,1437148
2023-11-23,200.1252,201.0629,198.8483,200.5602,1491167
2023-11-24,206.5141,207.9433,206.0065,206.6947,7229910
2023-11-27,203.6933,204.0376,202.6965,203.0631,2573053
2023-11-28,207.2616,208.9782,206.2144,207.7115,6143854
2023-11-29,206.5281,207.0410,205.6843,207.0171,7544205
2023-11-30,204.0118,204.8678,202.0293,204.3777,3016905
2023-12-01,200.8368,202.3257,200.7721,201.4668,5323215
2023-12-04,199.3916,199.6820,198.4753,199.6206,4239676
2023-12-05,196.7144,198.1383,196.2231,196.5448,1511695
2023-12-06,194.5629,195.4934,194.4695,194.9880,4221606
2023-12-07,196.3583,197.9825,194.9485,196.1446,4921308
2023-12-08,198.1678,199.8234,196.0669,197.7397,4449144
2023-12-11,194.1969,195.9285,194.0465,194.0485,1389377
2023-12-12,191.2767,193.2410,190.2699,191.4327,1048886
2023-12-13,195.0070,196.7898,193.4067,195.4442,3844912
2023-12-14,197.1674,198.9310,196.5491,196.6137,1642962
2023-12-15,200.1281,202.1157,197.6936,199.0827,6417949
2023-12-18,193.6529,194.4960,192.0231,193.2811,2349360
2023-12-19,192.6429,194.3220,192.3844,193.3280,7895543
2023-12-20,191.5418,192.8429,190.0227,192.0062,4682363
2023-12-21,194.8393,195.9096,193.5979,194.6028,4876225
2023-12-22,199.6819,200.2997,198.4443,199.9280,4276945
2023-12-25,204.0967,205.5421,201.2697,203.0191,3657759
2023-12-26,206.7628,207.9244,205.3716,206.3702,7615296
2023-12-27,203.5748,205.5289,203.3596,203.7052,3241249
2023-12-28,206.4408,207.3442,204.6146,206.3094,4843714
2023-12-29,208.9105,210.6835,207.1635,208.8086,2026019
2024-01-01,209.9726,210.9444,208.9054,210.0446,1719074
2024-01-02,206.7833,207.9953,205.0891,206.5370,5132117
2024-01-03,202.1185,203.8009,201.0895,202.1159,7412124
2024-01-04,200.1739,201.0987,199.5196,200.0035,5943099
2024-01-05,200.2204,200.6013,199.6657,200.4767,1115457
2024-01-08,200.1600,203.3216,199.8088,201.3814,3426717
2024-01-09,203.1114,203.5160,201.4416,203.3432,5451479
2024-01-10,205.0906,205.9260,203.2255,204.9577,7378783
2024-01-11,203.0964,204.6679,202.6388,202.9501,5675088
2024-01-12,203.7839,205.3006,201.6686,203.3657,1095940
2024-01-15,203.5298,204.6731,202.2433,204.2016,1477144
2024-01-16,207.9090,207.9721,206.3070,207.5328,5343932
2024-01-17,212.3612,213.6384,210.5227,212.2252,4687216
2024-01-18,211.3262,213.0971,209.2953,211.7652,4363144
2024-01-19,214.5207,216.3057,212.7295,215.0943,5684290
2024-01-22,213.9054,215.6711,213.8550,214.0691,6308716
2024-01-23,212.9759,213.1175,212.1871,213.0004,1961498
2024-01-24,210.9462,213.3699,210.8736,211.3490,5631159
2024-01-25,214.2333,215.0243,212.5882,214.2771,7581823
2024-01-26,208.9611,209.1023,208.0645,208.9175,4941965
2024-01-29,211.7438,212.7141,210.7793,211.2475,7516449
2024-01-30,209.9910,211.0718,209.1933,210.0056,2685068
2024-01-31,211.2011,212.6720,210.2363,211.3481,3946306
2024-02-01,208.5903,210.6168,206.2114,207.9928,7672062
2024-02-02,208.8557,211.1610,208.1880,209.1405,3598560
2024-02-05,213.9390,214.8687,213.3001,213.8678,3858930
2024-02-06,214.2738,216.4467,214.2472,214.9327,4570585
2024-02-07,214.1649,214.8961,212.8855,214.4004,4115522
2024-02-08,215.3092,215.7116,214.1356,215.7010,7067202
2024-02-09,218.5202,220.6153,215.8595,217.9429,1790198
2024-02-12,220.2001,220.7086,218.7112,219.6204,7139889
2024-02-13,217.3883,217.4157,215.4331,216.8067,6008151
2024-02-14,217.2619,218.6088,217.0373,217.1118,7389674
2024-02-15,219.0408,219.1787,217.6239,218.8748,2819772
2024-02-16,214.0872,215.7668,212.8154,215.1406,3588937
2024-02-19,214.8562,215.3468,213.7313,213.9868,4169938
2024-02-20,219.4704,220.2421,217.3788,218.6844,5964627
2024-02-21,218.1943,218.3184,216.2084,218.0816,3842772
2024-02-22,219.2132,220.1068,218.5443,219.5782,3395591
2024-02-23,216.8767,217.2386,215.3583,216.5204,6540950
2024-02-26,212.5326,214.4207,211.6089,212.9325,3210838
2024-02-27,206.5132,208.2062,205.1416,206.5331,4068377
2024-02-28,209.4243,209.7375,208.2509,209.6192,1002129
2024-02-29,208.1523,209.5354,207.7750,208.2521,1611217
2024-03-01,210.8270,211.5997,208.5586,210.5669,2260540
2024-03-04,210.4070,210.6224,209.4253,209.6957,6702414
2024-03-05,201.8774,202.9828,201.0951,201.8061,1467006
2024-03-06,203.7622,204.7141,202.7261,203.7872,4407237
2024-03-07,208.6987,208.8497,208.4220,208.4453,5988745
2024-03-08,206.3330,207.9514,204.7327,206.2546,2811428
2024-03-11,205.0130,206.3590,203.8200,205.5248,6831104
2024-03-12,207.6068,209.3669,205.5443,207.2948,4120626
2024-03-13,214.4659,215.8917,213.3194,214.2879,1293480
2024-03-14,212.5888,213.3108,210.5806,213.0183,3230088
2024-03-15,213.0570,214.2937,212.6644,213.1751,6146522
2024-03-18,211.9951,214.1209,211.3487,212.5058,1299572
2024-03-19,209.2734,211.1320,208.7414,209.5376,1967004
2024-03-20,203.9215,205.5588,203.6510,204.1755,2933606
2024-03-21,205.3601,207.0235,203.6574,204.8174,6993429
2024-03-22,202.4860,203.0796,201.9331,202.9460,5616179
2024-03-25,203.2307,204.4001,201.7015,203.2889,5993074
2024-03-26,202.2404,203.5045,199.3044,201.2898,5624389
2024-03-27,203.1034,204.7019,201.0336,202.7689,4064913
2024-03-28,200.9585,202.4410,200.0097,201.4348,3890719
2024-03-29,202.1453,202.4475,200.5466,202.2945,2919375
2024-04-01,202.8234,204.5078,201.6002,203.0818,5928601
2024-04-02,201.6074,202.8443,200.0515,202.1327,7345562
2024-04-03,207.4847,208.3196,207.3777,207.5376,1428714
2024-04-04,202.7162,204.1834,201.2187,202.4120,3329454
2024-04-05,197.3708,198.9902,197.2264,198.2468,3756484
2024-04-08,199.6450,200.8757,198.1886,199.9423,4518014
2024-04-09,203.2359,205.0056,202.8514,203.3259,5196570
2024-04-10,202.1973,205.1036,200.8491,203.3439,2539565
2024-04-11,198.5129,200.8959,196.6989,199.4206,6199522
2024-04-12,201.4432,203.1631,201.2776,201.4001,4342866
2024-04-15,206.3008,208.6746,204.7632,206.6121,2987113
2024-04-16,205.5969,206.0243,205.4873,205.5505,4454942
2024-04-17,202.8087,203.8225,201.4405,203.1497,4527012
2024-04-18,207.4806,208.2316,205.2184,207.1292,6707091
2024-04-19,202.8149,204.2165,202.2654,202.6626,3992992
2024-04-22,202.3387,204.3441,201.4040,202.2642,4096305
2024-04-23,206.0432,207.1396,204.1869,206.2311,7238968
2024-04-24,204.2771,206.2199,204.2044,205.0879,6352116
2024-04-25,206.2247,207.1141,204.4097,205.8599,7509189
2024-04-26,206.3854,208.1462,204.8673,206.0299,2237352
2024-04-29,206.7443,207.2841,206.1110,207.1119,4711450
2024-04-30,204.9388,204.9409,204.8361,204.8971,7761616
2024-05-01,207.5613,208.8787,206.3517,207.6384,4441503
2024-05-02,202.0380,203.9203,200.6904,202.0821,3869317
2024-05-03,200.5842,201.2993,198.6865,200.3591,2174916
2024-05-06,204.2539,205.5452,202.5352,204.4365,7119806
2024-05-07,201.6889,202.4886,200.0065,201.6592,6538435
2024-05-08,205.2650,207.1625,203.7627,205.1666,4294009
2024-05-09,207.9642,209.9646,207.1318,207.5125,1578020
2024-05-10,206.8265,208.4365,205.2394,207.3565,6835228
2024-05-13,205.6458,206.6162,203.7277,205.7789,2958537
2024-05-14,205.8966,208.2250,204.8268,206.4427,7568942
2024-05-15,207.3428,208.5525,205.7575,207.9543,3244844
2024-05-16,208.7143,210.7469,207.7424,208.9156,7677559
2024-05-17,208.9758,210.5903,208.8683,209.1806,6452279
2024-05-20,210.8816,211.8560,209.9684,210.7893,6712025
2024-05-21,212.7586,214.7058,212.0558,212.6737,4810747
2024-05-22,216.5042,217.9174,215.9488,216.3618,6264879
2024-05-23,212.8484,214.1534,212.0484,213.8829,1144685
2024-05-24,217.1559,217.9996,216.4316,217.2006,2269066
2024-05-27,215.9850,216.7184,215.3811,215.5077,4802259
2024-05-28,215.3813,216.3128,215.3492,216.1120,1223942
2024-05-29,208.8332,210.6264,208.3643,208.7575,6217932
2024-05-30,202.9408,204.3030,202.4084,203.0678,4659864
2024-05-31,208.2047,208.6555,206.8669,208.0157,6871567
2024-06-03,207.3900,207.8651,206.6739,207.7332,5912440
2024-06-04,202.9250,204.7778,201.8837,202.4286,2717863
2024-06-05,205.8175,205.9270,204.6143,205.7807,7662457
2024-06-06,204.6863,206.4395,203.4996,204.5824,6954613
2024-06-07,208.7807,209.9243,208.7566,208.9611,5602391
2024-06-10,210.7612,210.7674,210.6826,210.7487,6400054
2024-06-11,215.5088,216.0880,214.2216,215.5813,4652399
2024-06-12,214.2587,215.4572,212.7122,214.7403,2784195
2024-06-13,215.5569,217.6431,215.0879,215.6929,6792175
2024-06-14,215.5096,215.9586,213.3306,215.3441,1631804
2024-06-17,207.2603,209.2946,204.9065,206.9050,3073199
2024-06-18,210.0008,210.5028,209.4140,209.5705,5434302
2024-06-19,204.2166,205.9450,202.8318,204.3625,3341556
2024-06-20,208.3233,209.5537,207.3289,208.3332,4491773
2024-06-21,211.0413,211.7857,209.6462,210.3510,5201646
2024-06-24,205.1759,206.7389,203.8170,205.1924,3168094
2024-06-25,207.7886,209.5646,205.4367,207.3202,5089225
2024-06-26,203.6767,204.9540,203.4502,203.7055,1545605
2024-06-27,204.4176,205.7831,203.5570,204.5256,4241494
2024-06-28,202.1733,203.5987,199.7767,201.7930,5676629
2024-07-01,206.8536,207.8986,206.3883,206.8560,7572896
2024-07-02,207.2840,208.6429,206.4983,206.8560,1946894
2024-07-03,208.1223,208.4586,207.1329,208.2053,6889855
2024-07-04,211.0993,211.3955,210.4360,211.1430,2020381
2024-07-05,214.4635,215.4252,212.1577,213.8627,1743699
2024-07-08,209.8019,210.4769,209.5907,209.7960,1828225
2024-07-09,206.2137,207.3683,205.5187,206.3656,2396778
2024-07-10,206.8846,209.0510,205.4680,207.0102,3556513
2024-07-11,199.5295,200.3497,198.8206,199.8583,6751941
2024-07-12,204.0092,206.2083,203.8648,204.3275,2580420
2024-07-15,204.4880,206.3081,203.0388,204.7387,4656571
2024-07-16,212.2566,213.0362,211.8120,212.5896,7341559
2024-07-17,213.6639,214.3939,212.6710,213.8825,6158352
2024-07-18,209.4880,211.5943,208.3066,209.9770,2350048
2024-07-19,206.0156,208.7893,204.8335,206.8599,3364523
2024-07-22,208.0036,208.3505,205.4457,207.2485,1268379
2024-07-23,207.8291,208.7359,207.0278,207.7552,7022580
2024-07-24,206.2362,206.6817,205.8401,206.1635,5570751
2024-07-25,205.2185,205.3591,204.4840,205.0214,3815970
2024-07-26,208.7816,210.2113,206.6932,208.6306,7055733
2024-07-29,204.7097,206.7207,203.7567,205.0596,7520042
2024-07-30,200.5800,200.6166,198.2645,200.2130,1363893
2024-07-31,205.4932,206.2521,203.5434,205.4215,1370731
2024-08-01,204.5752,205.4638,203.4322,204.8529,2499911
2024-08-02,206.8230,207.2336,205.2224,206.3190,7107582
2024-08-05,210.0856,210.2958,209.2535,209.5896,7746071
2024-08-06,204.0263,206.0424,203.9791,204.6891,5013334
2024-08-07,208.0167,209.2080,205.9230,207.8277,3900532
2024-08-08,202.3752,203.8000,201.6721,201.8920,6516034
2024-08-09,202.6211,204.8366,200.9101,202.9553,6425819
2024-08-12,203.6181,204.6444,203.5819,203.5824,7337451
2024-08-13,201.4258,202.2026,201.3055,201.6356,4984418
2024-08-14,203.3768,203.3786,202.0781,203.2896,1310785
2024-08-15,204.2125,205.5846,202.4598,203.5546,1235302
2024-08-16,201.1704,201.3553,201.1251,201.3415,5452518
2024-08-19,204.2794,205.5324,202.9969,204.7441,7079919
2024-08-20,206.7879,208.7256,205.9010,206.8613,7057406
2024-08-21,202.0485,203.8245,200.0988,201.8456,5539403
2024-08-22,198.4178,200.6834,196.7271,198.8206,4324003
2024-08-23,199.7240,201.5947,198.6751,199.6532,1934257
2024-08-26,198.7251,199.1324,197.6669,199.0127,1601515
2024-08-27,200.5070,201.4412,199.1048,200.1754,6959077
2024-08-28,197.3656,199.1179,195.8295,197.3359,3495750
2024-08-29,199.9354,201.5190,198.8906,200.1970,2479178
2024-08-30,201.1268,201.2820,199.8767,200.4687,7809563
2024-09-02,199.5309,201.1452,199.1847,199.8220,6759340
2024-09-03,198.1011,198.7408,196.6909,197.7706,4745764
2024-09-04,196.6465,197.9133,195.7267,196.7300,4963582
2024-09-05,197.0965,197.8433,196.4652,196.6568,3799865
2024-09-06,197.0903,197.8281,195.4809,197.6915,5130440
2024-09-09,197.1306,198.5729,195.7383,197.0896,6017634
2024-09-10,195.0400,196.5277,193.3997,194.3794,1007188
2024-09-11,189.3197,190.3231,188.2444,189.1000,6989262
2024-09-12,186.5963,187.7453,185.9695,186.3506,3668880
2024-09-13,183.4674,184.1857,182.2979,183.4482,5782108
2024-09-16,182.1911,183.6430,181.8795,182.6239,4398925
2024-09-17,181.0950,182.8485,180.7054,181.1546,7232457
2024-09-18,184.4859,185.4976,182.2849,184.0366,2326910
2024-09-19,180.5141,181.7004,178.8244,180.8093,1316557
2024-09-20,183.1740,183.9649,181.8550,183.4711,4448019
2024-09-23,184.9099,185.7736,184.5667,185.1740,5954664
2024-09-24,190.2750,191.6631,188.4845,190.4832,6064760
2024-09-25,191.5081,191.5929,190.0313,191.3464,5368915
2024-09-26,190.4059,193.1624,188.9551,191.4239,6298450
2024-09-27,195.3010,196.9533,194.2141,195.5128,1966554
2024-09-30,190.6197,191.1188,189.8157,190.7798,7432207
2024-10-01,192.4205,193.9550,190.4707,192.1246,7334766
2024-10-02,191.5682,193.3618,191.0952,191.7783,6545213
2024-10-03,191.0483,192.4674,189.6570,191.1039,7967623
2024-10-04,186.3896,186.6809,184.9252,186.0156,6247808
2024-10-07,186.4647,187.5572,185.1967,186.1621,7003261
2024-10-08,181.7044,182.8688,180.8280,181.9564,7316733
2024-10-09,185.4783,187.8149,185.1778,186.0023,1551816
2024-10-10,188.1265,188.4194,187.8102,188.1583,6848731
2024-10-11,190.7295,191.2718,189.1236,191.2065,7929383
2024-10-14,194.5864,195.4898,194.3843,194.4313,5130503
2024-10-15,194.6184,195.3604,194.0758,194.3072,1736364
2024-10-16,193.3393,194.9885,191.0129,192.8338,2972844
2024-10-17,191.2076,192.5703,189.5739,191.2451,7089412
2024-10-18,190.7139,190.9070,188.6047,190.0575,2147894
2024-10-21,190.9419,192.8356,189.1350,190.5929,1870190
2024-10-22,199.2727,199.6647,197.9696,198.4368,6317826
2024-10-23,205.3836,206.6201,203.4921,204.9927,2790252
2024-10-24,202.6773,204.1092,200.7300,202.2604,4923800
2024-10-25,201.3684,202.7384,200.0278,201.0772,5280467
2024-10-28,202.8182,204.6959,202.6391,202.6926,2713860
2024-10-29,201.6739,204.2176,200.2056,202.8316,3597132
2024-10-30,197.0003,198.5396,195.2308,197.7966,5400756
2024-10-31,201.9645,202.0994,201.6106,201.9333,2709772
2024-11-01,202.1177,204.3902,201.5877,202.7608,4288975
2024-11-04,202.5016,203.5496,200.9738,202.6273,1920467
2024-11-05,201.0299,201.7879,200.3428,200.9735,2996929
2024-11-06,198.0036,199.8977,197.9846,197.9932,4909383
2024-11-07,195.3044,197.0568,194.0593,194.7160,4713816
2024-11-08,191.9804,193.0937,190.7407,191.6524,6939748
2024-11-11,191.1976,192.2071,191.0188,191.3220,3537971
2024-11-12,192.9503,193.4249,192.6363,193.0175,3539365
2024-11-13,191.4670,192.2145,190.3854,192.2014,5026719
2024-11-14,196.3845,197.8410,195.8154,196.3367,5648678
2024-11-15,196.8619,198.3465,195.9147,196.0060,5634664
2024-11-18,196.8624,197.2648,195.9310,196.8785,7394898
2024-11-19,197.8282,198.7917,196.4757,197.4868,6955998
2024-11-20,198.4233,199.7192,197.4315,198.9311,7814238
2024-11-21,196.8417,198.1198,196.6941,196.9427,7397587
2024-11-22,196.8974,197.2713,196.1908,196.8839,1885731
2024-11-25,194.2353,196.5979,194.1297,194.9927,2498316
2024-11-26,193.8314,194.8110,192.9060,193.3045,7734677
2024-11-27,187.6399,187.7617,186.7763,187.1124,1378356
2024-11-28,188.6117,188.6994,187.1828,188.6734,7644312
2024-11-29,192.2596,193.7002,191.4530,192.0825,2446156
2024-12-02,188.5499,190.8834,188.5447,189.4183,3793752
2024-12-03,191.2614,193.5311,190.8498,192.0687,1668934
2024-12-04,192.1134,192.6941,190.3909,192.5515,3263247
2024-12-05,199.2978,199.7777,198.4727,199.7410,3443657
2024-12-06,196.1001,196.7155,195.9075,196.3597,5817420
2024-12-09,195.4798,196.0728,193.4416,194.5410,1934436
2024-12-10,200.0561,201.9353,198.4809,199.9987,5548191
2024-12-11,204.8057,205.8787,203.1913,205.2270,5043162
2024-12-12,202.9872,204.7768,202.0420,204.0188,4989856
2024-12-13,203.9317,204.9897,203.9101,204.0136,5613657
2024-12-16,206.5283,207.0064,205.6167,206.2351,4103271
2024-12-17,207.5224,208.1050,205.5869,207.4101,2974442
2024-12-18,203.2176,204.3233,202.3807,203.3524,7000727
2024-12-19,206.1693,207.0650,205.0939,206.0997,7050119
2024-12-20,203.2825,203.3344,202.5578,203.1283,3018084
2024-12-23,207.2429,207.9049,205.8867,207.0074,5905473
2024-12-24,204.8981,207.1318,204.1461,205.5588,5093643
2024-12-25,207.1788,207.6246,205.4019,206.9591,2440704
2024-12-26,210.3117,210.6959,209.3564,210.6510,7935230
2024-12-27,208.7664,209.9813,207.6053,208.8799,2453656
2024-12-30,213.5713,213.7331,212.2587,212.4895,1022321
2024-12-31,208.0530,208.8930,207.6849,207.9842,4051904
